"Time_Iter","Outer_Iter","Inner_Iter",    "RefForce"    ,       "CD"       ,       "CL"       ,       "CSF"      ,       "CMx"      ,       "CMy"      ,       "CMz"      ,       "CFx"      ,       "CFy"      ,       "CFz"      ,      "CEff"      
          0,           0,           0,               0.5,      0.8813406519,    0.002079576702,                 0,                 0,                 0,     0.02039237225,      0.8813406519,    0.002079576702,                 0,    0.002359560628
          0,           0,           1,               0.5,      0.5646196915,    0.004761160222,                 0,                 0,                 0,     0.03923888514,      0.5646196915,    0.004761160222,                 0,    0.008432508276
          0,           0,           2,               0.5,      0.4852768556,    0.006412999661,                 0,                 0,                 0,     0.06184546306,      0.4852768556,    0.006412999661,                 0,     0.01321513603
          0,           0,           3,               0.5,      0.4117661092,    0.004678418966,                 0,                 0,                 0,     0.07047530596,      0.4117661092,    0.004678418966,                 0,     0.01136183591
          0,           0,           4,               0.5,      0.3483383229,    0.002829528567,                 0,                 0,                 0,     0.07604909311,      0.3483383229,    0.002829528567,                 0,    0.008122932164
          0,           0,           5,               0.5,      0.2949722451,   4.667037345e-05,                 0,                 0,                 0,     0.08204894941,      0.2949722451,   4.667037345e-05,                 0,   0.0001582195418
          0,           0,           6,               0.5,      0.2513422612,    -0.00364433176,                 0,                 0,                 0,     0.08822783792,      0.2513422612,    -0.00364433176,                 0,    -0.01449947869
          0,           0,           7,               0.5,       0.216865476,   -0.004112030552,                 0,                 0,                 0,     0.09245127771,       0.216865476,   -0.004112030552,                 0,    -0.01896120409
          0,           0,           8,               0.5,      0.1896707847,    0.003670702493,                 0,                 0,                 0,     0.09230985676,      0.1896707847,    0.003670702493,                 0,     0.01935302002
          0,           0,           9,               0.5,      0.1674616564,     0.02185518602,                 0,                 0,                 0,      0.0872284964,      0.1674616564,     0.02185518602,                 0,      0.1305085982
          0,           0,          10,               0.5,      0.1621789913,     0.02760300663,                 0,                 0,                 0,     0.08725661768,      0.1621789913,     0.02760300663,                 0,      0.1702008775
          0,           0,          11,               0.5,      0.1583570914,     0.02701035121,                 0,                 0,                 0,     0.08650273099,      0.1583570914,     0.02701035121,                 0,      0.1705660982
          0,           0,          12,               0.5,      0.1549008499,     0.03322255809,                 0,                 0,                 0,     0.08347362044,      0.1549008499,     0.03322255809,                 0,      0.2144762802
          0,           0,          13,               0.5,      0.1516098293,     0.04007234391,                 0,                 0,                 0,     0.08021708172,      0.1516098293,     0.04007234391,                 0,      0.2643123081
          0,           0,          14,               0.5,      0.1475221851,     0.04827811762,                 0,                 0,                 0,     0.07659524315,      0.1475221851,     0.04827811762,                 0,      0.3272600497
          0,           0,          15,               0.5,      0.1426685987,     0.05789913231,                 0,                 0,                 0,     0.07283366742,      0.1426685987,     0.05789913231,                 0,      0.4058295438
          0,           0,          16,               0.5,      0.1369463023,     0.06952153111,                 0,                 0,                 0,     0.06909911735,      0.1369463023,     0.06952153111,                 0,      0.5076554089
          0,           0,          17,               0.5,      0.1304112502,     0.08378289559,                 0,                 0,                 0,     0.06577144349,      0.1304112502,     0.08378289559,                 0,      0.6424514407
          0,           0,          18,               0.5,      0.1234907363,      0.1011038995,                 0,                 0,                 0,     0.06338825919,      0.1234907363,      0.1011038995,                 0,      0.8187164687
          0,           0,          19,               0.5,      0.1166192422,      0.1215113454,                 0,                 0,                 0,      0.0623823632,      0.1166192422,      0.1215113454,                 0,       1.041949366
          0,           0,          20,               0.5,       0.110307364,      0.1441658176,                 0,                 0,                 0,     0.06279949473,       0.110307364,      0.1441658176,                 0,       1.306946448
          0,           0,          21,               0.5,      0.1046574938,      0.1676773804,                 0,                 0,                 0,     0.06425580686,      0.1046574938,      0.1676773804,                 0,         1.6021536
          0,           0,          22,               0.5,     0.09955450486,      0.1905706661,                 0,                 0,                 0,     0.06619432692,     0.09955450486,      0.1905706661,                 0,       1.914234483
          0,           0,          23,               0.5,     0.09489062052,       0.211404774,                 0,                 0,                 0,     0.06805681137,     0.09489062052,       0.211404774,                 0,       2.227878508
          0,           0,          24,               0.5,     0.09063504755,      0.2287656508,                 0,                 0,                 0,     0.06934699691,     0.09063504755,      0.2287656508,                 0,       2.524030791
          0,           0,          25,               0.5,     0.08543210436,      0.2393877292,                 0,                 0,                 0,     0.07012984551,     0.08543210436,      0.2393877292,                 0,       2.802081618
          0,           0,          26,               0.5,     0.08257918735,      0.2446549146,                 0,                 0,                 0,     0.06892499363,     0.08257918735,      0.2446549146,                 0,       2.962670407
          0,           0,          27,               0.5,     0.07978559018,      0.2447797675,                 0,                 0,                 0,     0.06640401779,     0.07978559018,      0.2447797675,                 0,       3.067969629
          0,           0,          28,               0.5,     0.07509158872,      0.2497291997,                 0,                 0,                 0,     0.06407296997,     0.07509158872,      0.2497291997,                 0,       3.325661422
          0,           0,          29,               0.5,     0.07329816073,      0.2385831071,                 0,                 0,                 0,     0.05929000474,     0.07329816073,      0.2385831071,                 0,       3.254967174
          0,           0,          30,               0.5,     0.07172027562,       0.222965586,                 0,                 0,                 0,     0.05420823861,     0.07172027562,       0.222965586,                 0,       3.108822214
          0,           0,          31,               0.5,     0.06805113156,       0.219549635,                 0,                 0,                 0,      0.0505762654,     0.06805113156,       0.219549635,                 0,       3.226245177
          0,           0,          32,               0.5,     0.06794716761,      0.2022835089,                 0,                 0,                 0,     0.04812025857,     0.06794716761,      0.2022835089,                 0,        2.97707051
          0,           0,          33,               0.5,     0.06807423769,      0.1881345395,                 0,                 0,                 0,     0.04757171106,     0.06807423769,      0.1881345395,                 0,       2.763667224
          0,           0,          34,               0.5,     0.06597464099,      0.1864028429,                 0,                 0,                 0,     0.04843000188,     0.06597464099,      0.1864028429,                 0,       2.825371084
          0,           0,          35,               0.5,      0.0667397581,      0.1875732366,                 0,                 0,                 0,     0.05311417887,      0.0667397581,      0.1875732366,                 0,       2.810517178
          0,           0,          36,               0.5,     0.06681914276,      0.1952393588,                 0,                 0,                 0,     0.05703968454,     0.06681914276,      0.1952393588,                 0,       2.921907567
          0,           0,          37,               0.5,     0.06492266725,      0.2033722913,                 0,                 0,                 0,     0.05936037663,     0.06492266725,      0.2033722913,                 0,       3.132531362
          0,           0,          38,               0.5,     0.06352241322,      0.2191887459,                 0,                 0,                 0,     0.06201082663,     0.06352241322,      0.2191887459,                 0,       3.450573345
          0,           0,          39,               0.5,     0.06220803273,      0.2291756097,                 0,                 0,                 0,     0.06282356325,     0.06220803273,      0.2291756097,                 0,       3.684019565
          0,           0,          40,               0.5,     0.06033206359,      0.2352710401,                 0,                 0,                 0,     0.06247765105,     0.06033206359,      0.2352710401,                 0,        3.89960207
          0,           0,          41,               0.5,     0.05848667068,      0.2347910726,                 0,                 0,                 0,     0.06118565445,     0.05848667068,      0.2347910726,                 0,       4.014437304
          0,           0,          42,               0.5,     0.05699859309,      0.2320078769,                 0,                 0,                 0,     0.06002813595,     0.05699859309,      0.2320078769,                 0,       4.070414099
          0,           0,          43,               0.5,     0.05589258958,      0.2304070776,                 0,                 0,                 0,     0.05942769931,     0.05589258958,      0.2304070776,                 0,       4.122318885
          0,           0,          44,               0.5,     0.05503635337,      0.2300007505,                 0,                 0,                 0,     0.05916172626,     0.05503635337,      0.2300007505,                 0,       4.179069587
          0,           0,          45,               0.5,     0.05447876966,      0.2299769817,                 0,                 0,                 0,     0.05905759065,     0.05447876966,      0.2299769817,                 0,        4.22140557
          0,           0,          46,               0.5,      0.0541706415,      0.2304013465,                 0,                 0,                 0,     0.05913440993,      0.0541706415,      0.2304013465,                 0,       4.253251211
          0,           0,          47,               0.5,      0.0539497383,      0.2309539635,                 0,                 0,                 0,     0.05922348852,      0.0539497383,      0.2309539635,                 0,       4.280909802
          0,           0,          48,               0.5,     0.05389768462,      0.2310089284,                 0,                 0,                 0,     0.05914132227,     0.05389768462,      0.2310089284,                 0,       4.286064049
          0,           0,          49,               0.5,     0.05379190531,      0.2314779392,                 0,                 0,                 0,     0.05916720781,     0.05379190531,      0.2314779392,                 0,       4.303211381
          0,           0,          50,               0.5,     0.05383458505,      0.2309760484,                 0,                 0,                 0,     0.05870220451,     0.05383458505,      0.2309760484,                 0,       4.290476989
          0,           0,          51,               0.5,     0.05400070388,      0.2304208434,                 0,                 0,                 0,     0.05838923694,     0.05400070388,      0.2304208434,                 0,       4.266997036
          0,           0,          52,               0.5,      0.0542194533,      0.2301233344,                 0,                 0,                 0,     0.05819569265,      0.0542194533,      0.2301233344,                 0,       4.244294628
          0,           0,          53,               0.5,     0.05451591207,      0.2298687233,                 0,                 0,                 0,     0.05800455769,     0.05451591207,      0.2298687233,                 0,       4.216543658
          0,           0,          54,               0.5,     0.05484185248,      0.2296704042,                 0,                 0,                 0,     0.05790365222,     0.05484185248,      0.2296704042,                 0,       4.187867364
          0,           0,          55,               0.5,       0.055131282,      0.2300169417,                 0,                 0,                 0,     0.05799137725,       0.055131282,      0.2300169417,                 0,       4.172167477
          0,           0,          56,               0.5,     0.05546320859,      0.2300912702,                 0,                 0,                 0,      0.0580520558,     0.05546320859,      0.2300912702,                 0,       4.148538753
          0,           0,          57,               0.5,     0.05563369023,      0.2303937018,                 0,                 0,                 0,     0.05811347267,     0.05563369023,      0.2303937018,                 0,       4.141262262
          0,           0,          58,               0.5,      0.0558732676,      0.2305579988,                 0,                 0,                 0,     0.05815671504,      0.0558732676,      0.2305579988,                 0,       4.126445592
          0,           0,          59,               0.5,     0.05603259587,      0.2306445894,                 0,                 0,                 0,     0.05816149689,     0.05603259587,      0.2306445894,                 0,       4.116257436
          0,           0,          60,               0.5,     0.05613605828,      0.2307374435,                 0,                 0,                 0,     0.05816924014,     0.05613605828,      0.2307374435,                 0,       4.110324996
          0,           0,          61,               0.5,     0.05620560915,       0.230768468,                 0,                 0,                 0,     0.05816943365,     0.05620560915,       0.230768468,                 0,       4.105790712
          0,           0,          62,               0.5,     0.05625227145,      0.2308074647,                 0,                 0,                 0,      0.0581723808,     0.05625227145,      0.2308074647,                 0,        4.10307813
          0,           0,          63,               0.5,     0.05628526467,      0.2308124009,                 0,                 0,                 0,     0.05817123235,     0.05628526467,      0.2308124009,                 0,       4.100760693
          0,           0,          64,               0.5,     0.05631293958,      0.2308104027,                 0,                 0,                 0,     0.05817223872,     0.05631293958,      0.2308104027,                 0,       4.098709895
          0,           0,          65,               0.5,     0.05633315442,      0.2308175421,                 0,                 0,                 0,     0.05817505856,     0.05633315442,      0.2308175421,                 0,       4.097365832
          0,           0,          66,               0.5,     0.05634587583,      0.2308187727,                 0,                 0,                 0,      0.0581752082,     0.05634587583,      0.2308187727,                 0,       4.096462595
          0,           0,          67,               0.5,     0.05635451475,      0.2308183194,                 0,                 0,                 0,     0.05817567581,     0.05635451475,      0.2308183194,                 0,        4.09582658
          0,           0,          68,               0.5,     0.05636106304,      0.2308197113,                 0,                 0,                 0,     0.05817609289,     0.05636106304,      0.2308197113,                 0,       4.095375404
          0,           0,          69,               0.5,     0.05636583449,      0.2308208203,                 0,                 0,                 0,     0.05817653717,     0.05636583449,      0.2308208203,                 0,         4.0950484
          0,           0,          70,               0.5,     0.05636915659,       0.230821357,                 0,                 0,                 0,     0.05817694467,     0.05636915659,       0.230821357,                 0,       4.094816581
          0,           0,          71,               0.5,     0.05637137458,      0.2308213093,                 0,                 0,                 0,     0.05817717363,     0.05637137458,      0.2308213093,                 0,       4.094654619
          0,           0,          72,               0.5,      0.0563727773,      0.2308210474,                 0,                 0,                 0,     0.05817737526,      0.0563727773,      0.2308210474,                 0,       4.094548086
          0,           0,          73,               0.5,     0.05637355781,      0.2308207136,                 0,                 0,                 0,      0.0581775918,     0.05637355781,      0.2308207136,                 0,       4.094485474
          0,           0,          74,               0.5,     0.05637389355,      0.2308202956,                 0,                 0,                 0,     0.05817781518,     0.05637389355,      0.2308202956,                 0,       4.094453676
          0,           0,          75,               0.5,     0.05637387642,      0.2308197988,                 0,                 0,                 0,     0.05817804531,     0.05637387642,      0.2308197988,                 0,       4.094446106
          0,           0,          76,               0.5,     0.05637357317,      0.2308192334,                 0,                 0,                 0,     0.05817826538,     0.05637357317,      0.2308192334,                 0,       4.094458102
          0,           0,          77,               0.5,     0.05637304748,      0.2308186235,                 0,                 0,                 0,     0.05817846713,     0.05637304748,      0.2308186235,                 0,       4.094485465
          0,           0,          78,               0.5,     0.05637234944,      0.2308179943,                 0,                 0,                 0,     0.05817865559,     0.05637234944,      0.2308179943,                 0,       4.094525005
          0,           0,          79,               0.5,     0.05637151767,      0.2308173635,                 0,                 0,                 0,     0.05817883848,     0.05637151767,      0.2308173635,                 0,       4.094574228
          0,           0,          80,               0.5,     0.05637058136,      0.2308167432,                 0,                 0,                 0,      0.0581790212,     0.05637058136,      0.2308167432,                 0,       4.094631235
          0,           0,          81,               0.5,     0.05636956248,      0.2308161431,                 0,                 0,                 0,     0.05817920481,     0.05636956248,      0.2308161431,                 0,         4.0946946
          0,           0,          82,               0.5,     0.05636847831,      0.2308155692,                 0,                 0,                 0,      0.0581793869,     0.05636847831,      0.2308155692,                 0,       4.094763175
          0,           0,          83,               0.5,      0.0563673431,      0.2308150243,                 0,                 0,                 0,     0.05817956499,      0.0563673431,      0.2308150243,                 0,       4.094835974
          0,           0,          84,               0.5,     0.05636616864,      0.2308145092,                 0,                 0,                 0,     0.05817973868,     0.05636616864,      0.2308145092,                 0,       4.094912157
          0,           0,          85,               0.5,     0.05636496466,      0.2308140243,                 0,                 0,                 0,     0.05817990891,     0.05636496466,      0.2308140243,                 0,       4.094991023
          0,           0,          86,               0.5,      0.0563637392,      0.2308135703,                 0,                 0,                 0,     0.05818007649,      0.0563637392,      0.2308135703,                 0,       4.095072001
          0,           0,          87,               0.5,     0.05636249975,      0.2308131477,                 0,                 0,                 0,     0.05818024149,     0.05636249975,      0.2308131477,                 0,       4.095154557
          0,           0,          88,               0.5,     0.05636125108,      0.2308127572,                 0,                 0,                 0,     0.05818040354,     0.05636125108,      0.2308127572,                 0,       4.095238356
          0,           0,          89,               0.5,      0.0563599982,      0.2308123983,                 0,                 0,                 0,     0.05818056232,      0.0563599982,      0.2308123983,                 0,       4.095323025
          0,           0,          90,               0.5,     0.05635874545,      0.2308120696,                 0,                 0,                 0,     0.05818071774,     0.05635874545,      0.2308120696,                 0,       4.095408224
          0,           0,          91,               0.5,     0.05635749645,      0.2308117694,                 0,                 0,                 0,     0.05818086988,     0.05635749645,      0.2308117694,                 0,       4.095493661
          0,           0,          92,               0.5,     0.05635625434,      0.2308114964,                 0,                 0,                 0,     0.05818101892,     0.05635625434,      0.2308114964,                 0,       4.095579081
          0,           0,          93,               0.5,     0.05635502178,      0.2308112494,                 0,                 0,                 0,     0.05818116498,     0.05635502178,      0.2308112494,                 0,       4.095664274
          0,           0,          94,               0.5,     0.05635380105,      0.2308110277,                 0,                 0,                 0,     0.05818130804,     0.05635380105,      0.2308110277,                 0,        4.09574906
          0,           0,          95,               0.5,     0.05635259406,      0.2308108304,                 0,                 0,                 0,     0.05818144799,     0.05635259406,      0.2308108304,                 0,       4.095833284
          0,           0,          96,               0.5,      0.0563514024,      0.2308106564,                 0,                 0,                 0,     0.05818158471,      0.0563514024,      0.2308106564,                 0,       4.095916812
          0,           0,          97,               0.5,     0.05635022737,      0.2308105044,                 0,                 0,                 0,     0.05818171806,     0.05635022737,      0.2308105044,                 0,       4.095999523
          0,           0,          98,               0.5,     0.05634907004,       0.230810373,                 0,                 0,                 0,     0.05818184799,     0.05634907004,       0.230810373,                 0,       4.096081316
          0,           0,          99,               0.5,     0.05634793123,      0.2308102607,                 0,                 0,                 0,     0.05818197447,     0.05634793123,      0.2308102607,                 0,       4.096162107
          0,           0,         100,               0.5,     0.05634681159,      0.2308101665,                 0,                 0,                 0,     0.05818209751,     0.05634681159,      0.2308101665,                 0,       4.096241828
          0,           0,         101,               0.5,      0.0563457121,      0.2308100898,                 0,                 0,                 0,     0.05818221727,      0.0563457121,      0.2308100898,                 0,       4.096320398
          0,           0,         102,               0.5,     0.05634463361,      0.2308100299,                 0,                 0,                 0,     0.05818233382,     0.05634463361,      0.2308100299,                 0,       4.096397741
          0,           0,         103,               0.5,     0.05634361099,       0.230809944,                 0,                 0,                 0,     0.05818251243,     0.05634361099,       0.230809944,                 0,       4.096470566
          0,           0,         104,               0.5,     0.05634256852,      0.2308099065,                 0,                 0,                 0,     0.05818257445,     0.05634256852,      0.2308099065,                 0,       4.096545695
          0,           0,         105,               0.5,     0.05634153799,      0.2308099441,                 0,                 0,                 0,     0.05818266592,     0.05634153799,      0.2308099441,                 0,       4.096621292
          0,           0,         106,               0.5,     0.05634053734,       0.230809968,                 0,                 0,                 0,     0.05818277009,     0.05634053734,       0.230809968,                 0,       4.096694474
          0,           0,         107,               0.5,     0.05633957057,      0.2308099648,                 0,                 0,                 0,     0.05818286369,     0.05633957057,      0.2308099648,                 0,       4.096764716
          0,           0,         108,               0.5,     0.05633862662,      0.2308099602,                 0,                 0,                 0,     0.05818295804,     0.05633862662,      0.2308099602,                 0,       4.096833275
          0,           0,         109,               0.5,     0.05633770098,      0.2308099823,                 0,                 0,                 0,     0.05818305467,     0.05633770098,      0.2308099823,                 0,       4.096900979
          0,           0,         110,               0.5,     0.05633682375,      0.2308100368,                 0,                 0,                 0,     0.05818320529,     0.05633682375,      0.2308100368,                 0,       4.096965741
          0,           0,         111,               0.5,     0.05633593204,       0.230810064,                 0,                 0,                 0,     0.05818325237,     0.05633593204,       0.230810064,                 0,       4.097031072
          0,           0,         112,               0.5,     0.05633505533,      0.2308101507,                 0,                 0,                 0,     0.05818332458,     0.05633505533,      0.2308101507,                 0,        4.09709637
          0,           0,         113,               0.5,     0.05633421068,       0.230810235,                 0,                 0,                 0,     0.05818340535,     0.05633421068,       0.230810235,                 0,       4.097159297
          0,           0,         114,               0.5,     0.05633339568,      0.2308102943,                 0,                 0,                 0,     0.05818347825,     0.05633339568,      0.2308102943,                 0,       4.097219625
          0,           0,         115,               0.5,      0.0563326022,      0.2308103548,                 0,                 0,                 0,     0.05818355189,      0.0563326022,      0.2308103548,                 0,        4.09727841
          0,           0,         116,               0.5,     0.05633182706,      0.2308104401,                 0,                 0,                 0,      0.0581836276,     0.05633182706,      0.2308104401,                 0,       4.097336305
          0,           0,         117,               0.5,     0.05633109405,      0.2308105781,                 0,                 0,                 0,     0.05818374865,     0.05633109405,      0.2308105781,                 0,       4.097392071
          0,           0,         118,               0.5,     0.05633035004,      0.2308106602,                 0,                 0,                 0,     0.05818378333,     0.05633035004,      0.2308106602,                 0,       4.097447647
          0,           0,         119,               0.5,     0.05632962207,       0.230810779,                 0,                 0,                 0,     0.05818383776,     0.05632962207,       0.230810779,                 0,       4.097502708
          0,           0,         120,               0.5,     0.05632891932,      0.2308108967,                 0,                 0,                 0,     0.05818389941,     0.05632891932,      0.2308108967,                 0,       4.097555917
          0,           0,         121,               0.5,     0.05632824373,      0.2308109979,                 0,                 0,                 0,     0.05818395531,     0.05632824373,      0.2308109979,                 0,        4.09760686
          0,           0,         122,               0.5,     0.05632758714,      0.2308111005,                 0,                 0,                 0,     0.05818401153,     0.05632758714,      0.2308111005,                 0,       4.097656445
          0,           0,         123,               0.5,     0.05632694707,      0.2308112259,                 0,                 0,                 0,     0.05818406979,     0.05632694707,      0.2308112259,                 0,       4.097705236
          0,           0,         124,               0.5,     0.05632632398,      0.2308113566,                 0,                 0,                 0,     0.05818412391,     0.05632632398,      0.2308113566,                 0,       4.097752885
          0,           0,         125,               0.5,     0.05632571776,      0.2308114936,                 0,                 0,                 0,     0.05818417738,     0.05632571776,      0.2308114936,                 0,       4.097799421
          0,           0,         126,               0.5,     0.05632512825,      0.2308116409,                 0,                 0,                 0,     0.05818422961,     0.05632512825,      0.2308116409,                 0,       4.097844923
          0,           0,         127,               0.5,     0.05632455609,      0.2308117909,                 0,                 0,                 0,     0.05818427834,     0.05632455609,      0.2308117909,                 0,       4.097889214
          0,           0,         128,               0.5,     0.05632400134,      0.2308119423,                 0,                 0,                 0,     0.05818432457,     0.05632400134,      0.2308119423,                 0,       4.097932263
          0,           0,         129,               0.5,     0.05632346351,      0.2308120941,                 0,                 0,                 0,     0.05818436871,     0.05632346351,      0.2308120941,                 0,       4.097974091
          0,           0,         130,               0.5,     0.05632294187,      0.2308122444,                 0,                 0,                 0,     0.05818441059,     0.05632294187,      0.2308122444,                 0,       4.098014712
          0,           0,         131,               0.5,     0.05632243574,      0.2308123948,                 0,                 0,                 0,     0.05818445085,     0.05632243574,      0.2308123948,                 0,       4.098054208
          0,           0,         132,               0.5,     0.05632194454,      0.2308125465,                 0,                 0,                 0,     0.05818448975,     0.05632194454,      0.2308125465,                 0,       4.098092642
          0,           0,         133,               0.5,     0.05632146781,      0.2308126998,                 0,                 0,                 0,     0.05818452731,     0.05632146781,      0.2308126998,                 0,       4.098130052
          0,           0,         134,               0.5,     0.05632100522,       0.230812855,                 0,                 0,                 0,     0.05818456358,     0.05632100522,       0.230812855,                 0,       4.098166468
          0,           0,         135,               0.5,     0.05632055649,      0.2308130118,                 0,                 0,                 0,      0.0581845985,     0.05632055649,      0.2308130118,                 0,       4.098201903
          0,           0,         136,               0.5,      0.0563201214,      0.2308131697,                 0,                 0,                 0,     0.05818463207,      0.0563201214,      0.2308131697,                 0,       4.098236366
          0,           0,         137,               0.5,     0.05631969971,      0.2308133282,                 0,                 0,                 0,     0.05818466431,     0.05631969971,      0.2308133282,                 0,       4.098269867
          0,           0,         138,               0.5,     0.05631929115,      0.2308134869,                 0,                 0,                 0,     0.05818469526,     0.05631929115,      0.2308134869,                 0,       4.098302415
          0,           0,         139,               0.5,     0.05631889542,      0.2308136453,                 0,                 0,                 0,     0.05818472496,     0.05631889542,      0.2308136453,                 0,       4.098334023
          0,           0,         140,               0.5,     0.05631851221,       0.230813803,                 0,                 0,                 0,     0.05818475348,     0.05631851221,       0.230813803,                 0,       4.098364711
          0,           0,         141,               0.5,     0.05631814119,      0.2308139599,                 0,                 0,                 0,     0.05818478086,     0.05631814119,      0.2308139599,                 0,       4.098394497
          0,           0,         142,               0.5,     0.05631778203,      0.2308141159,                 0,                 0,                 0,     0.05818480716,     0.05631778203,      0.2308141159,                 0,       4.098423403
          0,           0,         143,               0.5,     0.05631743441,      0.2308142708,                 0,                 0,                 0,     0.05818483243,     0.05631743441,      0.2308142708,                 0,       4.098451451
          0,           0,         144,               0.5,     0.05631709802,      0.2308144245,                 0,                 0,                 0,     0.05818485672,     0.05631709802,      0.2308144245,                 0,       4.098478661
          0,           0,         145,               0.5,      0.0563167726,       0.230814577,                 0,                 0,                 0,     0.05818488008,      0.0563167726,       0.230814577,                 0,       4.098505052
          0,           0,         146,               0.5,     0.05631645785,      0.2308147281,                 0,                 0,                 0,     0.05818490253,     0.05631645785,      0.2308147281,                 0,       4.098530642
          0,           0,         147,               0.5,     0.05631615389,      0.2308148779,                 0,                 0,                 0,     0.05818492412,     0.05631615389,      0.2308148779,                 0,       4.098555423
          0,           0,         148,               0.5,      0.0563158599,      0.2308150259,                 0,                 0,                 0,     0.05818494486,      0.0563158599,      0.2308150259,                 0,       4.098579446
          0,           0,         149,               0.5,     0.05631557572,      0.2308151718,                 0,                 0,                 0,     0.05818496478,     0.05631557572,      0.2308151718,                 0,        4.09860272
          0,           0,         150,               0.5,     0.05631530116,      0.2308153157,                 0,                 0,                 0,     0.05818498393,     0.05631530116,      0.2308153157,                 0,       4.098625256
          0,           0,         151,               0.5,     0.05631503601,      0.2308154573,                 0,                 0,                 0,     0.05818500234,     0.05631503601,      0.2308154573,                 0,       4.098647069
          0,           0,         152,               0.5,     0.05631477996,      0.2308155966,                 0,                 0,                 0,     0.05818502004,     0.05631477996,      0.2308155966,                 0,       4.098668179
          0,           0,         153,               0.5,     0.05631453279,      0.2308157335,                 0,                 0,                 0,     0.05818503704,     0.05631453279,      0.2308157335,                 0,         4.0986886
          0,           0,         154,               0.5,     0.05631429424,       0.230815868,                 0,                 0,                 0,     0.05818505339,     0.05631429424,       0.230815868,                 0,       4.098708349
          0,           0,         155,               0.5,     0.05631406409,      0.2308159999,                 0,                 0,                 0,      0.0581850691,     0.05631406409,      0.2308159999,                 0,       4.098727443
          0,           0,         156,               0.5,     0.05631384209,      0.2308161293,                 0,                 0,                 0,      0.0581850842,     0.05631384209,      0.2308161293,                 0,       4.098745898
          0,           0,         157,               0.5,     0.05631362802,       0.230816256,                 0,                 0,                 0,     0.05818509872,     0.05631362802,       0.230816256,                 0,       4.098763729
          0,           0,         158,               0.5,     0.05631342164,        0.23081638,                 0,                 0,                 0,     0.05818511268,     0.05631342164,        0.23081638,                 0,       4.098780953
          0,           0,         159,               0.5,     0.05631322274,      0.2308165013,                 0,                 0,                 0,     0.05818512609,     0.05631322274,      0.2308165013,                 0,       4.098797584
          0,           0,         160,               0.5,     0.05631303111,      0.2308166198,                 0,                 0,                 0,     0.05818513899,     0.05631303111,      0.2308166198,                 0,       4.098813637
          0,           0,         161,               0.5,     0.05631284652,      0.2308167355,                 0,                 0,                 0,     0.05818515139,     0.05631284652,      0.2308167355,                 0,       4.098829127
          0,           0,         162,               0.5,     0.05631266879,      0.2308168484,                 0,                 0,                 0,      0.0581851633,     0.05631266879,      0.2308168484,                 0,       4.098844068
          0,           0,         163,               0.5,      0.0563124977,      0.2308169585,                 0,                 0,                 0,     0.05818517475,      0.0563124977,      0.2308169585,                 0,       4.098858476
          0,           0,         164,               0.5,     0.05631233305,      0.2308170657,                 0,                 0,                 0,     0.05818518575,     0.05631233305,      0.2308170657,                 0,       4.098872364
          0,           0,         165,               0.5,     0.05631217465,      0.2308171701,                 0,                 0,                 0,     0.05818519632,     0.05631217465,      0.2308171701,                 0,       4.098885747
          0,           0,         166,               0.5,     0.05631202231,      0.2308172716,                 0,                 0,                 0,     0.05818520648,     0.05631202231,      0.2308172716,                 0,       4.098898639
          0,           0,         167,               0.5,     0.05631187584,      0.2308173702,                 0,                 0,                 0,     0.05818521624,     0.05631187584,      0.2308173702,                 0,       4.098911052
          0,           0,         168,               0.5,     0.05631173506,      0.2308174661,                 0,                 0,                 0,     0.05818522561,     0.05631173506,      0.2308174661,                 0,       4.098923001
          0,           0,         169,               0.5,     0.05631159979,      0.2308175591,                 0,                 0,                 0,     0.05818523461,     0.05631159979,      0.2308175591,                 0,       4.098934499
          0,           0,         170,               0.5,     0.05631146985,      0.2308176493,                 0,                 0,                 0,     0.05818524326,     0.05631146985,      0.2308176493,                 0,       4.098945559
          0,           0,         171,               0.5,     0.05631134509,      0.2308177367,                 0,                 0,                 0,     0.05818525156,     0.05631134509,      0.2308177367,                 0,       4.098956194
          0,           0,         172,               0.5,     0.05631122531,      0.2308178215,                 0,                 0,                 0,     0.05818525953,     0.05631122531,      0.2308178215,                 0,       4.098966417
          0,           0,         173,               0.5,     0.05631111038,      0.2308179035,                 0,                 0,                 0,     0.05818526718,     0.05631111038,      0.2308179035,                 0,        4.09897624
          0,           0,         174,               0.5,     0.05631100011,      0.2308179828,                 0,                 0,                 0,     0.05818527452,     0.05631100011,      0.2308179828,                 0,       4.098985675
          0,           0,         175,               0.5,     0.05631089495,      0.2308180602,                 0,                 0,                 0,      0.0581852816,     0.05631089495,      0.2308180602,                 0,       4.098994704
          0,           0,         176,               0.5,     0.05631079389,      0.2308181344,                 0,                 0,                 0,     0.05818528833,     0.05631079389,      0.2308181344,                 0,       4.099003379
          0,           0,         177,               0.5,     0.05631069695,       0.230818206,                 0,                 0,                 0,     0.05818529482,     0.05631069695,       0.230818206,                 0,       4.099011707
          0,           0,         178,               0.5,     0.05631060406,       0.230818275,                 0,                 0,                 0,     0.05818530103,     0.05631060406,       0.230818275,                 0,       4.099019694
          0,           0,         179,               0.5,      0.0563105151,      0.2308183415,                 0,                 0,                 0,     0.05818530699,      0.0563105151,      0.2308183415,                 0,        4.09902735
          0,           0,         180,               0.5,     0.05631042993,      0.2308184055,                 0,                 0,                 0,     0.05818531269,     0.05631042993,      0.2308184055,                 0,       4.099034687
          0,           0,         181,               0.5,     0.05631034841,      0.2308184672,                 0,                 0,                 0,     0.05818531815,     0.05631034841,      0.2308184672,                 0,       4.099041717
          0,           0,         182,               0.5,      0.0563102704,      0.2308185266,                 0,                 0,                 0,     0.05818532338,      0.0563102704,      0.2308185266,                 0,        4.09904845
          0,           0,         183,               0.5,     0.05631019578,      0.2308185838,                 0,                 0,                 0,     0.05818532838,     0.05631019578,      0.2308185838,                 0,       4.099054897
          0,           0,         184,               0.5,     0.05631012441,      0.2308186388,                 0,                 0,                 0,     0.05818533316,     0.05631012441,      0.2308186388,                 0,        4.09906107
          0,           0,         185,               0.5,     0.05631005617,      0.2308186917,                 0,                 0,                 0,     0.05818533774,     0.05631005617,      0.2308186917,                 0,       4.099066977
          0,           0,         186,               0.5,     0.05630999095,      0.2308187425,                 0,                 0,                 0,     0.05818534213,     0.05630999095,      0.2308187425,                 0,       4.099072628
          0,           0,         187,               0.5,     0.05630992862,      0.2308187914,                 0,                 0,                 0,     0.05818534632,     0.05630992862,      0.2308187914,                 0,       4.099078032
          0,           0,         188,               0.5,     0.05630986909,      0.2308188383,                 0,                 0,                 0,     0.05818535033,     0.05630986909,      0.2308188383,                 0,       4.099083198
          0,           0,         189,               0.5,     0.05630981225,      0.2308188833,                 0,                 0,                 0,     0.05818535417,     0.05630981225,      0.2308188833,                 0,       4.099088136
          0,           0,         190,               0.5,     0.05630975798,      0.2308189265,                 0,                 0,                 0,     0.05818535784,     0.05630975798,      0.2308189265,                 0,       4.099092853
          0,           0,         191,               0.5,     0.05630970619,      0.2308189679,                 0,                 0,                 0,     0.05818536134,     0.05630970619,      0.2308189679,                 0,       4.099097359
          0,           0,         192,               0.5,     0.05630965678,      0.2308190076,                 0,                 0,                 0,     0.05818536469,     0.05630965678,      0.2308190076,                 0,        4.09910166
          0,           0,         193,               0.5,     0.05630960965,      0.2308190456,                 0,                 0,                 0,     0.05818536789,     0.05630960965,      0.2308190456,                 0,       4.099105765
          0,           0,         194,               0.5,     0.05630956471,      0.2308190819,                 0,                 0,                 0,     0.05818537095,     0.05630956471,      0.2308190819,                 0,       4.099109683
          0,           0,         195,               0.5,     0.05630952188,      0.2308191168,                 0,                 0,                 0,     0.05818537387,     0.05630952188,      0.2308191168,                 0,       4.099113419
          0,           0,         196,               0.5,     0.05630948106,      0.2308191501,                 0,                 0,                 0,     0.05818537665,     0.05630948106,      0.2308191501,                 0,       4.099116982
          0,           0,         197,               0.5,     0.05630944217,      0.2308191819,                 0,                 0,                 0,     0.05818537931,     0.05630944217,      0.2308191819,                 0,       4.099120379
          0,           0,         198,               0.5,     0.05630940514,      0.2308192124,                 0,                 0,                 0,     0.05818538185,     0.05630940514,      0.2308192124,                 0,       4.099123615
          0,           0,         199,               0.5,     0.05630936987,      0.2308192415,                 0,                 0,                 0,     0.05818538427,     0.05630936987,      0.2308192415,                 0,       4.099126699
          0,           0,         200,               0.5,     0.05630933631,      0.2308192692,                 0,                 0,                 0,     0.05818538658,     0.05630933631,      0.2308192692,                 0,       4.099129636
          0,           0,         201,               0.5,     0.05630930436,      0.2308192958,                 0,                 0,                 0,     0.05818538878,     0.05630930436,      0.2308192958,                 0,       4.099132433
          0,           0,         202,               0.5,     0.05630927397,      0.2308193211,                 0,                 0,                 0,     0.05818539088,     0.05630927397,      0.2308193211,                 0,       4.099135094
          0,           0,         203,               0.5,     0.05630924507,      0.2308193452,                 0,                 0,                 0,     0.05818539287,     0.05630924507,      0.2308193452,                 0,       4.099137628
          0,           0,         204,               0.5,     0.05630921758,      0.2308193683,                 0,                 0,                 0,     0.05818539478,     0.05630921758,      0.2308193683,                 0,       4.099140037
          0,           0,         205,               0.5,     0.05630919145,      0.2308193902,                 0,                 0,                 0,     0.05818539659,     0.05630919145,      0.2308193902,                 0,       4.099142329
          0,           0,         206,               0.5,     0.05630916662,      0.2308194111,                 0,                 0,                 0,     0.05818539831,     0.05630916662,      0.2308194111,                 0,       4.099144509
          0,           0,         207,               0.5,     0.05630914303,      0.2308194311,                 0,                 0,                 0,     0.05818539996,     0.05630914303,      0.2308194311,                 0,        4.09914658
          0,           0,         208,               0.5,     0.05630912061,      0.2308194501,                 0,                 0,                 0,     0.05818540152,     0.05630912061,      0.2308194501,                 0,       4.099148549
          0,           0,         209,               0.5,     0.05630909933,      0.2308194681,                 0,                 0,                 0,       0.058185403,     0.05630909933,      0.2308194681,                 0,       4.099150419
          0,           0,         210,               0.5,     0.05630907912,      0.2308194853,                 0,                 0,                 0,     0.05818540442,     0.05630907912,      0.2308194853,                 0,       4.099152196
          0,           0,         211,               0.5,     0.05630906071,      0.2308195062,                 0,                 0,                 0,     0.05818540737,     0.05630906071,      0.2308195062,                 0,       4.099153906
          0,           0,         212,               0.5,     0.05630904196,      0.2308195217,                 0,                 0,                 0,      0.0581854077,     0.05630904196,      0.2308195217,                 0,       4.099155546
          0,           0,         213,               0.5,     0.05630902464,      0.2308195357,                 0,                 0,                 0,     0.05818540889,     0.05630902464,      0.2308195357,                 0,       4.099157057
          0,           0,         214,               0.5,     0.05630900816,      0.2308195485,                 0,                 0,                 0,     0.05818540973,     0.05630900816,      0.2308195485,                 0,       4.099158484
          0,           0,         215,               0.5,      0.0563089927,      0.2308195605,                 0,                 0,                 0,     0.05818541072,      0.0563089927,      0.2308195605,                 0,       4.099159822
          0,           0,         216,               0.5,     0.05630897797,      0.2308195724,                 0,                 0,                 0,     0.05818541165,     0.05630897797,      0.2308195724,                 0,       4.099161105
          0,           0,         217,               0.5,     0.05630896398,      0.2308195841,                 0,                 0,                 0,     0.05818541262,     0.05630896398,      0.2308195841,                 0,       4.099162332
          0,           0,         218,               0.5,     0.05630895116,      0.2308195984,                 0,                 0,                 0,     0.05818541448,     0.05630895116,      0.2308195984,                 0,       4.099163519
          0,           0,         219,               0.5,      0.0563089382,      0.2308196092,                 0,                 0,                 0,     0.05818541471,      0.0563089382,      0.2308196092,                 0,       4.099164654
          0,           0,         220,               0.5,     0.05630892627,      0.2308196194,                 0,                 0,                 0,     0.05818541564,     0.05630892627,      0.2308196194,                 0,       4.099165704
          0,           0,         221,               0.5,     0.05630891493,      0.2308196284,                 0,                 0,                 0,     0.05818541621,     0.05630891493,      0.2308196284,                 0,       4.099166689
          0,           0,         222,               0.5,     0.05630890434,      0.2308196368,                 0,                 0,                 0,     0.05818541693,     0.05630890434,      0.2308196368,                 0,        4.09916761
          0,           0,         223,               0.5,     0.05630889426,      0.2308196451,                 0,                 0,                 0,     0.05818541757,     0.05630889426,      0.2308196451,                 0,        4.09916849
          0,           0,         224,               0.5,     0.05630888502,      0.2308196552,                 0,                 0,                 0,     0.05818541889,     0.05630888502,      0.2308196552,                 0,       4.099169342
          0,           0,         225,               0.5,     0.05630887572,      0.2308196629,                 0,                 0,                 0,     0.05818541906,     0.05630887572,      0.2308196629,                 0,       4.099170157
          0,           0,         226,               0.5,     0.05630886713,      0.2308196702,                 0,                 0,                 0,     0.05818541972,     0.05630886713,      0.2308196702,                 0,       4.099170912
          0,           0,         227,               0.5,     0.05630885898,      0.2308196768,                 0,                 0,                 0,     0.05818542015,     0.05630885898,      0.2308196768,                 0,       4.099171621
          0,           0,         228,               0.5,     0.05630885137,      0.2308196829,                 0,                 0,                 0,     0.05818542066,     0.05630885137,      0.2308196829,                 0,       4.099172284
          0,           0,         229,               0.5,     0.05630884438,      0.2308196905,                 0,                 0,                 0,     0.05818542164,     0.05630884438,      0.2308196905,                 0,       4.099172928
          0,           0,         230,               0.5,     0.05630883736,      0.2308196963,                 0,                 0,                 0,     0.05818542179,     0.05630883736,      0.2308196963,                 0,       4.099173542
          0,           0,         231,               0.5,     0.05630883086,      0.2308197017,                 0,                 0,                 0,     0.05818542225,     0.05630883086,      0.2308197017,                 0,       4.099174111
          0,           0,         232,               0.5,     0.05630882471,      0.2308197067,                 0,                 0,                 0,     0.05818542258,     0.05630882471,      0.2308197067,                 0,       4.099174647
          0,           0,         233,               0.5,     0.05630881913,      0.2308197124,                 0,                 0,                 0,     0.05818542331,     0.05630881913,      0.2308197124,                 0,       4.099175156
          0,           0,         234,               0.5,     0.05630881354,      0.2308197171,                 0,                 0,                 0,     0.05818542348,     0.05630881354,      0.2308197171,                 0,       4.099175645
          0,           0,         235,               0.5,     0.05630880837,      0.2308197213,                 0,                 0,                 0,     0.05818542383,     0.05630880837,      0.2308197213,                 0,       4.099176097
          0,           0,         236,               0.5,     0.05630880348,      0.2308197253,                 0,                 0,                 0,     0.05818542409,     0.05630880348,      0.2308197253,                 0,       4.099176523
          0,           0,         237,               0.5,     0.05630879903,      0.2308197298,                 0,                 0,                 0,     0.05818542468,     0.05630879903,      0.2308197298,                 0,       4.099176928
          0,           0,         238,               0.5,     0.05630879459,      0.2308197336,                 0,                 0,                 0,     0.05818542481,     0.05630879459,      0.2308197336,                 0,       4.099177318
          0,           0,         239,               0.5,     0.05630879047,       0.230819737,                 0,                 0,                 0,      0.0581854251,     0.05630879047,       0.230819737,                 0,       4.099177678
          0,           0,         240,               0.5,     0.05630878658,      0.2308197401,                 0,                 0,                 0,     0.05818542531,     0.05630878658,      0.2308197401,                 0,       4.099178017
          0,           0,         241,               0.5,     0.05630878306,      0.2308197438,                 0,                 0,                 0,     0.05818542577,     0.05630878306,      0.2308197438,                 0,       4.099178339
          0,           0,         242,               0.5,     0.05630877953,      0.2308197468,                 0,                 0,                 0,     0.05818542588,     0.05630877953,      0.2308197468,                 0,       4.099178649
          0,           0,         243,               0.5,     0.05630877638,      0.2308197501,                 0,                 0,                 0,     0.05818542634,     0.05630877638,      0.2308197501,                 0,       4.099178937
          0,           0,         244,               0.5,     0.05630877322,      0.2308197524,                 0,                 0,                 0,     0.05818542633,     0.05630877322,      0.2308197524,                 0,       4.099179208
          0,           0,         245,               0.5,     0.05630877034,      0.2308197547,                 0,                 0,                 0,     0.05818542653,     0.05630877034,      0.2308197547,                 0,       4.099179459
          0,           0,         246,               0.5,      0.0563087676,      0.2308197569,                 0,                 0,                 0,     0.05818542669,      0.0563087676,      0.2308197569,                 0,       4.099179697
          0,           0,         247,               0.5,     0.05630876511,      0.2308197594,                 0,                 0,                 0,     0.05818542699,     0.05630876511,      0.2308197594,                 0,       4.099179923
          0,           0,         248,               0.5,     0.05630876264,      0.2308197617,                 0,                 0,                 0,     0.05818542714,     0.05630876264,      0.2308197617,                 0,       4.099180143
          0,           0,         249,               0.5,     0.05630876034,      0.2308197639,                 0,                 0,                 0,      0.0581854273,     0.05630876034,      0.2308197639,                 0,       4.099180349
          0,           0,         250,               0.5,     0.05630875818,      0.2308197655,                 0,                 0,                 0,      0.0581854274,     0.05630875818,      0.2308197655,                 0,       4.099180536
          0,           0,         251,               0.5,     0.05630875616,      0.2308197672,                 0,                 0,                 0,     0.05818542753,     0.05630875616,      0.2308197672,                 0,       4.099180712
          0,           0,         252,               0.5,     0.05630875431,       0.230819769,                 0,                 0,                 0,     0.05818542774,     0.05630875431,       0.230819769,                 0,       4.099180879
          0,           0,         253,               0.5,     0.05630875248,      0.2308197707,                 0,                 0,                 0,     0.05818542786,     0.05630875248,      0.2308197707,                 0,       4.099181042
          0,           0,         254,               0.5,     0.05630875077,      0.2308197724,                 0,                 0,                 0,     0.05818542801,     0.05630875077,      0.2308197724,                 0,       4.099181197
          0,           0,         255,               0.5,     0.05630874917,      0.2308197737,                 0,                 0,                 0,     0.05818542808,     0.05630874917,      0.2308197737,                 0,       4.099181337
          0,           0,         256,               0.5,     0.05630874767,      0.2308197748,                 0,                 0,                 0,     0.05818542815,     0.05630874767,      0.2308197748,                 0,       4.099181465
          0,           0,         257,               0.5,     0.05630874626,      0.2308197759,                 0,                 0,                 0,     0.05818542824,     0.05630874626,      0.2308197759,                 0,       4.099181588
          0,           0,         258,               0.5,     0.05630874497,      0.2308197772,                 0,                 0,                 0,      0.0581854284,     0.05630874497,      0.2308197772,                 0,       4.099181704
          0,           0,         259,               0.5,     0.05630874369,      0.2308197784,                 0,                 0,                 0,     0.05818542848,     0.05630874369,      0.2308197784,                 0,       4.099181819
          0,           0,         260,               0.5,      0.0563087425,      0.2308197796,                 0,                 0,                 0,     0.05818542858,      0.0563087425,      0.2308197796,                 0,       4.099181927
          0,           0,         261,               0.5,     0.05630874138,      0.2308197806,                 0,                 0,                 0,     0.05818542863,     0.05630874138,      0.2308197806,                 0,       4.099182026
          0,           0,         262,               0.5,     0.05630874034,      0.2308197813,                 0,                 0,                 0,     0.05818542868,     0.05630874034,      0.2308197813,                 0,       4.099182115
          0,           0,         263,               0.5,     0.05630873936,      0.2308197821,                 0,                 0,                 0,     0.05818542875,     0.05630873936,      0.2308197821,                 0,         4.0991822
          0,           0,         264,               0.5,     0.05630873846,       0.230819783,                 0,                 0,                 0,     0.05818542886,     0.05630873846,       0.230819783,                 0,       4.099182281
          0,           0,         265,               0.5,     0.05630873758,      0.2308197838,                 0,                 0,                 0,     0.05818542892,     0.05630873758,      0.2308197838,                 0,       4.099182361
          0,           0,         266,               0.5,     0.05630873675,      0.2308197847,                 0,                 0,                 0,     0.05818542899,     0.05630873675,      0.2308197847,                 0,       4.099182436
          0,           0,         267,               0.5,     0.05630873597,      0.2308197853,                 0,                 0,                 0,     0.05818542902,     0.05630873597,      0.2308197853,                 0,       4.099182504
          0,           0,         268,               0.5,     0.05630873525,      0.2308197859,                 0,                 0,                 0,     0.05818542906,     0.05630873525,      0.2308197859,                 0,       4.099182566
          0,           0,         269,               0.5,     0.05630873458,      0.2308197864,                 0,                 0,                 0,      0.0581854291,     0.05630873458,      0.2308197864,                 0,       4.099182625
          0,           0,         270,               0.5,     0.05630873396,       0.230819787,                 0,                 0,                 0,     0.05818542918,     0.05630873396,       0.230819787,                 0,       4.099182681
          0,           0,         271,               0.5,     0.05630873335,      0.2308197876,                 0,                 0,                 0,     0.05818542922,     0.05630873335,      0.2308197876,                 0,       4.099182736
          0,           0,         272,               0.5,     0.05630873277,      0.2308197882,                 0,                 0,                 0,     0.05818542927,     0.05630873277,      0.2308197882,                 0,       4.099182788
          0,           0,         273,               0.5,     0.05630873224,      0.2308197886,                 0,                 0,                 0,     0.05818542929,     0.05630873224,      0.2308197886,                 0,       4.099182835
          0,           0,         274,               0.5,     0.05630873174,       0.230819789,                 0,                 0,                 0,     0.05818542932,     0.05630873174,       0.230819789,                 0,       4.099182878
          0,           0,         275,               0.5,     0.05630873127,      0.2308197894,                 0,                 0,                 0,     0.05818542935,     0.05630873127,      0.2308197894,                 0,       4.099182918
          0,           0,         276,               0.5,     0.05630873085,      0.2308197898,                 0,                 0,                 0,      0.0581854294,     0.05630873085,      0.2308197898,                 0,       4.099182957
          0,           0,         277,               0.5,     0.05630873043,      0.2308197902,                 0,                 0,                 0,     0.05818542943,     0.05630873043,      0.2308197902,                 0,       4.099182995
          0,           0,         278,               0.5,     0.05630873003,      0.2308197906,                 0,                 0,                 0,     0.05818542946,     0.05630873003,      0.2308197906,                 0,        4.09918303
          0,           0,         279,               0.5,     0.05630872967,      0.2308197909,                 0,                 0,                 0,     0.05818542948,     0.05630872967,      0.2308197909,                 0,       4.099183063
          0,           0,         280,               0.5,     0.05630872932,      0.2308197912,                 0,                 0,                 0,      0.0581854295,     0.05630872932,      0.2308197912,                 0,       4.099183092
          0,           0,         281,               0.5,       0.056308729,      0.2308197914,                 0,                 0,                 0,     0.05818542952,       0.056308729,      0.2308197914,                 0,        4.09918312
          0,           0,         282,               0.5,     0.05630872871,      0.2308197917,                 0,                 0,                 0,     0.05818542955,     0.05630872871,      0.2308197917,                 0,       4.099183146
          0,           0,         283,               0.5,     0.05630872842,       0.230819792,                 0,                 0,                 0,     0.05818542957,     0.05630872842,       0.230819792,                 0,       4.099183172
          0,           0,         284,               0.5,     0.05630872815,      0.2308197923,                 0,                 0,                 0,      0.0581854296,     0.05630872815,      0.2308197923,                 0,       4.099183197
          0,           0,         285,               0.5,      0.0563087279,      0.2308197925,                 0,                 0,                 0,     0.05818542961,      0.0563087279,      0.2308197925,                 0,       4.099183219
          0,           0,         286,               0.5,     0.05630872767,      0.2308197927,                 0,                 0,                 0,     0.05818542962,     0.05630872767,      0.2308197927,                 0,       4.099183239
          0,           0,         287,               0.5,     0.05630872745,      0.2308197929,                 0,                 0,                 0,     0.05818542963,     0.05630872745,      0.2308197929,                 0,       4.099183258
          0,           0,         288,               0.5,     0.05630872725,       0.230819793,                 0,                 0,                 0,     0.05818542966,     0.05630872725,       0.230819793,                 0,       4.099183276
          0,           0,         289,               0.5,     0.05630872705,      0.2308197932,                 0,                 0,                 0,     0.05818542967,     0.05630872705,      0.2308197932,                 0,       4.099183294
          0,           0,         290,               0.5,     0.05630872686,      0.2308197934,                 0,                 0,                 0,     0.05818542969,     0.05630872686,      0.2308197934,                 0,       4.099183311
          0,           0,         291,               0.5,     0.05630872669,      0.2308197936,                 0,                 0,                 0,      0.0581854297,     0.05630872669,      0.2308197936,                 0,       4.099183326
          0,           0,         292,               0.5,     0.05630872653,      0.2308197937,                 0,                 0,                 0,      0.0581854297,     0.05630872653,      0.2308197937,                 0,        4.09918334
          0,           0,         293,               0.5,     0.05630872638,      0.2308197938,                 0,                 0,                 0,     0.05818542971,     0.05630872638,      0.2308197938,                 0,       4.099183353
          0,           0,         294,               0.5,     0.05630872625,      0.2308197939,                 0,                 0,                 0,     0.05818542973,     0.05630872625,      0.2308197939,                 0,       4.099183365
          0,           0,         295,               0.5,     0.05630872611,      0.2308197941,                 0,                 0,                 0,     0.05818542974,     0.05630872611,      0.2308197941,                 0,       4.099183377
          0,           0,         296,               0.5,     0.05630872599,      0.2308197942,                 0,                 0,                 0,     0.05818542975,     0.05630872599,      0.2308197942,                 0,       4.099183389
          0,           0,         297,               0.5,     0.05630872587,      0.2308197943,                 0,                 0,                 0,     0.05818542976,     0.05630872587,      0.2308197943,                 0,       4.099183399
          0,           0,         298,               0.5,     0.05630872576,      0.2308197944,                 0,                 0,                 0,     0.05818542976,     0.05630872576,      0.2308197944,                 0,       4.099183409
          0,           0,         299,               0.5,     0.05630872566,      0.2308197945,                 0,                 0,                 0,     0.05818542977,     0.05630872566,      0.2308197945,                 0,       4.099183417
          0,           0,         300,               0.5,     0.05630872557,      0.2308197946,                 0,                 0,                 0,     0.05818542978,     0.05630872557,      0.2308197946,                 0,       4.099183426
          0,           0,         301,               0.5,     0.05630872547,      0.2308197947,                 0,                 0,                 0,     0.05818542979,     0.05630872547,      0.2308197947,                 0,       4.099183434
          0,           0,         302,               0.5,     0.05630872539,      0.2308197947,                 0,                 0,                 0,     0.05818542979,     0.05630872539,      0.2308197947,                 0,       4.099183442
          0,           0,         303,               0.5,     0.05630872531,      0.2308197948,                 0,                 0,                 0,      0.0581854298,     0.05630872531,      0.2308197948,                 0,       4.099183449
          0,           0,         304,               0.5,     0.05630872524,      0.2308197949,                 0,                 0,                 0,      0.0581854298,     0.05630872524,      0.2308197949,                 0,       4.099183455
          0,           0,         305,               0.5,     0.05630872517,      0.2308197949,                 0,                 0,                 0,     0.05818542981,     0.05630872517,      0.2308197949,                 0,       4.099183461
          0,           0,         306,               0.5,      0.0563087251,       0.230819795,                 0,                 0,                 0,     0.05818542981,      0.0563087251,       0.230819795,                 0,       4.099183467
          0,           0,         307,               0.5,     0.05630872504,       0.230819795,                 0,                 0,                 0,     0.05818542982,     0.05630872504,       0.230819795,                 0,       4.099183472
          0,           0,         308,               0.5,     0.05630872498,      0.2308197951,                 0,                 0,                 0,     0.05818542982,     0.05630872498,      0.2308197951,                 0,       4.099183478
          0,           0,         309,               0.5,     0.05630872493,      0.2308197951,                 0,                 0,                 0,     0.05818542983,     0.05630872493,      0.2308197951,                 0,       4.099183482
          0,           0,         310,               0.5,     0.05630872488,      0.2308197952,                 0,                 0,                 0,     0.05818542983,     0.05630872488,      0.2308197952,                 0,       4.099183487
          0,           0,         311,               0.5,     0.05630872483,      0.2308197952,                 0,                 0,                 0,     0.05818542983,     0.05630872483,      0.2308197952,                 0,       4.099183491
          0,           0,         312,               0.5,     0.05630872479,      0.2308197953,                 0,                 0,                 0,     0.05818542984,     0.05630872479,      0.2308197953,                 0,       4.099183495
          0,           0,         313,               0.5,     0.05630872475,      0.2308197953,                 0,                 0,                 0,     0.05818542984,     0.05630872475,      0.2308197953,                 0,       4.099183498
          0,           0,         314,               0.5,     0.05630872471,      0.2308197953,                 0,                 0,                 0,     0.05818542984,     0.05630872471,      0.2308197953,                 0,       4.099183502
          0,           0,         315,               0.5,     0.05630872467,      0.2308197954,                 0,                 0,                 0,     0.05818542984,     0.05630872467,      0.2308197954,                 0,       4.099183505
          0,           0,         316,               0.5,     0.05630872464,      0.2308197954,                 0,                 0,                 0,     0.05818542985,     0.05630872464,      0.2308197954,                 0,       4.099183508
          0,           0,         317,               0.5,     0.05630872461,      0.2308197954,                 0,                 0,                 0,     0.05818542985,     0.05630872461,      0.2308197954,                 0,       4.099183511
          0,           0,         318,               0.5,     0.05630872458,      0.2308197955,                 0,                 0,                 0,     0.05818542985,     0.05630872458,      0.2308197955,                 0,       4.099183513
          0,           0,         319,               0.5,     0.05630872455,      0.2308197955,                 0,                 0,                 0,     0.05818542985,     0.05630872455,      0.2308197955,                 0,       4.099183516
          0,           0,         320,               0.5,     0.05630872452,      0.2308197955,                 0,                 0,                 0,     0.05818542986,     0.05630872452,      0.2308197955,                 0,       4.099183518
          0,           0,         321,               0.5,      0.0563087245,      0.2308197955,                 0,                 0,                 0,     0.05818542986,      0.0563087245,      0.2308197955,                 0,       4.099183521
          0,           0,         322,               0.5,     0.05630872448,      0.2308197956,                 0,                 0,                 0,     0.05818542986,     0.05630872448,      0.2308197956,                 0,       4.099183523
          0,           0,         323,               0.5,     0.05630872446,      0.2308197956,                 0,                 0,                 0,     0.05818542986,     0.05630872446,      0.2308197956,                 0,       4.099183524
          0,           0,         324,               0.5,     0.05630872444,      0.2308197956,                 0,                 0,                 0,     0.05818542986,     0.05630872444,      0.2308197956,                 0,       4.099183526
          0,           0,         325,               0.5,     0.05630872442,      0.2308197956,                 0,                 0,                 0,     0.05818542986,     0.05630872442,      0.2308197956,                 0,       4.099183528
          0,           0,         326,               0.5,      0.0563087244,      0.2308197956,                 0,                 0,                 0,     0.05818542987,      0.0563087244,      0.2308197956,                 0,       4.099183529
          0,           0,         327,               0.5,     0.05630872438,      0.2308197956,                 0,                 0,                 0,     0.05818542987,     0.05630872438,      0.2308197956,                 0,       4.099183531
          0,           0,         328,               0.5,     0.05630872437,      0.2308197956,                 0,                 0,                 0,     0.05818542987,     0.05630872437,      0.2308197956,                 0,       4.099183532
          0,           0,         329,               0.5,     0.05630872435,      0.2308197957,                 0,                 0,                 0,     0.05818542987,     0.05630872435,      0.2308197957,                 0,       4.099183533
          0,           0,         330,               0.5,     0.05630872434,      0.2308197957,                 0,                 0,                 0,     0.05818542987,     0.05630872434,      0.2308197957,                 0,       4.099183535
          0,           0,         331,               0.5,     0.05630872433,      0.2308197957,                 0,                 0,                 0,     0.05818542987,     0.05630872433,      0.2308197957,                 0,       4.099183536
          0,           0,         332,               0.5,     0.05630872432,      0.2308197957,                 0,                 0,                 0,     0.05818542987,     0.05630872432,      0.2308197957,                 0,       4.099183537
          0,           0,         333,               0.5,     0.05630872431,      0.2308197957,                 0,                 0,                 0,     0.05818542987,     0.05630872431,      0.2308197957,                 0,       4.099183538
          0,           0,         334,               0.5,      0.0563087243,      0.2308197957,                 0,                 0,                 0,     0.05818542987,      0.0563087243,      0.2308197957,                 0,       4.099183539
          0,           0,         335,               0.5,     0.05630872429,      0.2308197957,                 0,                 0,                 0,     0.05818542987,     0.05630872429,      0.2308197957,                 0,        4.09918354
          0,           0,         336,               0.5,     0.05630872428,      0.2308197957,                 0,                 0,                 0,     0.05818542987,     0.05630872428,      0.2308197957,                 0,        4.09918354
          0,           0,         337,               0.5,     0.05630872427,      0.2308197957,                 0,                 0,                 0,     0.05818542987,     0.05630872427,      0.2308197957,                 0,       4.099183541
          0,           0,         338,               0.5,     0.05630872426,      0.2308197957,                 0,                 0,                 0,     0.05818542988,     0.05630872426,      0.2308197957,                 0,       4.099183542
          0,           0,         339,               0.5,     0.05630872425,      0.2308197958,                 0,                 0,                 0,     0.05818542988,     0.05630872425,      0.2308197958,                 0,       4.099183542
          0,           0,         340,               0.5,     0.05630872425,      0.2308197958,                 0,                 0,                 0,     0.05818542988,     0.05630872425,      0.2308197958,                 0,       4.099183543
          0,           0,         341,               0.5,     0.05630872424,      0.2308197958,                 0,                 0,                 0,     0.05818542988,     0.05630872424,      0.2308197958,                 0,       4.099183544
          0,           0,         342,               0.5,     0.05630872423,      0.2308197958,                 0,                 0,                 0,     0.05818542988,     0.05630872423,      0.2308197958,                 0,       4.099183544
          0,           0,         343,               0.5,     0.05630872423,      0.2308197958,                 0,                 0,                 0,     0.05818542988,     0.05630872423,      0.2308197958,                 0,       4.099183545
          0,           0,         344,               0.5,     0.05630872422,      0.2308197958,                 0,                 0,                 0,     0.05818542988,     0.05630872422,      0.2308197958,                 0,       4.099183545
          0,           0,         345,               0.5,     0.05630872422,      0.2308197958,                 0,                 0,                 0,     0.05818542988,     0.05630872422,      0.2308197958,                 0,       4.099183546
          0,           0,         346,               0.5,     0.05630872421,      0.2308197958,                 0,                 0,                 0,     0.05818542988,     0.05630872421,      0.2308197958,                 0,       4.099183546
